{"batch_loss": 0.4530341923236847, "batch_accuracy": 0.8125, "batch_precision": 0.7647058823529411, "batch_recall": 0.8666666666666667, "batch_f1_score": 0.8125, "_timestamp": 1704799277.3930142, "_runtime": 72611.30483222008, "_step": 51049, "epoch_loss": 0.4433204452123712, "epoch_accuracy": 0.7948958333333331, "epoch_precision": 0.7928718732610255, "epoch_recall": 0.8024842868826765, "epoch_f1_score": 0.790837072447059, "val_loss": 6.631097316741943, "val_accuracy": 0.5490143369175629, "val_precision": 0.5493621525803977, "val_recall": 0.5953883273782766, "val_f1_score": 0.5657201669377356, "_wandb": {"runtime": 72610}}