{"batch_loss": 0.018807977437973022, "_timestamp": 1698165827.5656712, "_runtime": 1947.787001132965, "_step": 88, "epoch_loss": 0.08958903877508073, "accuracy": 62.861717612809315, "val_loss": 2.2981743812561035}