{"batch_loss": 0.0008315187878906727, "_timestamp": 1698243115.254192, "_runtime": 8771.677972078323, "_step": 409, "epoch_loss": 0.007753504857343311, "accuracy": 62.68850072780204, "val_loss": 4.818465232849121, "_wandb": {"runtime": 8787}}