{"batch_loss": 0.6196474432945251, "batch_accuracy": 0.6640625, "batch_precision": 0.6484517304189436, "batch_recall": 0.7021696252465484, "batch_f1_score": 0.6742424242424242, "_timestamp": 1704973436.2004669, "_runtime": 190.64990997314453, "_step": 183, "epoch_loss": 0.6422764979302883, "epoch_accuracy": 0.6261683672323994, "epoch_precision": 0.6199627306516279, "epoch_recall": 0.6591059350271493, "epoch_f1_score": 0.6386656861740685, "val_loss": 0.6879445910453796, "val_accuracy": 0.5717808871552975, "val_precision": 0.5565829884889333, "val_recall": 0.7370270786356391, "val_f1_score": 0.6340112389941226}