{"epoch_loss": 0.6931471824645996, "epoch_accuracy": 0.49894607843137095, "epoch_precision": 0.0, "epoch_recall": 0.0, "epoch_f1_score": 0.0, "_timestamp": 1707313566.1556687, "_runtime": 1160.9258816242218, "_step": 1, "val_loss": 0.6931412816047668, "val_accuracy": 0.4971763349980789, "val_precision": 0.0, "val_recall": 0.0, "val_f1_score": 0.0}