{"epoch_loss": 0.693191788666973, "epoch_accuracy": 0.49917892156862864, "epoch_precision": 0.1727450980392159, "epoch_recall": 0.34705882352941175, "epoch_f1_score": 0.22522470791542332, "_timestamp": 1708109423.100495, "_runtime": 9827.952866077423, "_step": 17, "val_loss": 0.6931555271148682, "val_accuracy": 0.4967537456780643, "val_precision": 0.0, "val_recall": 0.0, "val_f1_score": 0.0, "_wandb": {"runtime": 9827}}