{"batch_loss": 0.49016982316970825, "batch_accuracy": 0.7744252873563219, "batch_precision": 0.7584415584415585, "batch_recall": 0.8202247191011236, "batch_f1_score": 0.7881241565452092, "_timestamp": 1702303336.6219459, "_runtime": 1378.419311761856, "_step": 2049, "epoch_loss": 0.4829954091459513, "epoch_accuracy": 0.767419573904454, "epoch_precision": 0.7564488892143059, "epoch_recall": 0.7901703330535051, "epoch_f1_score": 0.7727756993903371, "val_loss": 0.7340120673179626, "val_accuracy": 0.6285334837626996, "val_precision": 0.6354415647383205, "val_recall": 0.6035710284451115, "val_f1_score": 0.6188617424375771, "_wandb": {"runtime": 1377}}