{"epoch_loss": 0.6401752087890226, "epoch_accuracy": 0.6293504901960727, "epoch_precision": 0.6288218759726134, "epoch_recall": 0.627505689775914, "epoch_f1_score": 0.6015951153645789, "_timestamp": 1708599837.5581021, "_runtime": 86526.46488404274, "_step": 49, "val_loss": 9.51632308959961, "val_accuracy": 0.5165194006915106, "val_precision": 0.5129273914713794, "val_recall": 0.7325994426455426, "val_f1_score": 0.5832696154813749, "_wandb": {"runtime": 86526}}