{"batch_loss": 0.22148960828781128, "batch_accuracy": 0.9166666666666666, "batch_precision": 0.8235294117647058, "batch_recall": 1.0, "batch_f1_score": 0.9032258064516129, "_timestamp": 1700638239.8158648, "_runtime": 67095.71951770782, "_step": 51049, "epoch_loss": 0.282660517490962, "epoch_accuracy": 0.886343954248368, "epoch_precision": 0.8878783146277432, "epoch_recall": 0.8892212833242761, "epoch_f1_score": 0.8844456707591326, "val_loss": 7.323868274688721, "val_accuracy": 0.5755504352278542, "val_precision": 0.5871322611619927, "val_recall": 0.5338334585135073, "val_f1_score": 0.5524172412592385, "_wandb": {"runtime": 67095}}