{"batch_loss": 0.645656943321228, "batch_accuracy": 0.6162109375, "batch_precision": 0.6073394495412844, "batch_recall": 0.6490196078431373, "batch_f1_score": 0.6274881516587677, "_timestamp": 1704973438.7616804, "_runtime": 184.46983528137207, "_step": 108, "epoch_loss": 0.6646730162203311, "epoch_accuracy": 0.5909827922952586, "epoch_precision": 0.5861470915058964, "epoch_recall": 0.5986617928322537, "epoch_f1_score": 0.5912148158507103, "val_loss": 0.6729634404182434, "val_accuracy": 0.585400319756894, "val_precision": 0.5879219707579726, "val_recall": 0.56498999772594, "val_f1_score": 0.5759310166917133}