{"batch_loss": 0.37561970949172974, "batch_accuracy": 0.8333333333333334, "batch_precision": 0.75, "batch_recall": 0.75, "batch_f1_score": 0.75, "_timestamp": 1700638611.7068548, "_runtime": 67451.45634889603, "_step": 51049, "epoch_loss": 0.4840068142203724, "epoch_accuracy": 0.7665359477124203, "epoch_precision": 0.7662612481456463, "epoch_recall": 0.7804677675566725, "epoch_f1_score": 0.764254183889817, "val_loss": 8.081053733825684, "val_accuracy": 0.5294162826420893, "val_precision": 0.5345030308724222, "val_recall": 0.516050469782974, "val_f1_score": 0.5180207103338881, "_wandb": {"runtime": 67450}}