{"batch_loss": 0.43455326557159424, "_timestamp": 1698150109.2525902, "_runtime": 842.6600131988525, "_step": 41, "_wandb": {"runtime": 862}}