{"batch_loss": 0.48482221364974976, "batch_accuracy": 0, "batch_precision": 0.0, "batch_recall": 0, "batch_f1_score": 0.0, "_timestamp": 1698314042.0831003, "_runtime": 9.793396234512329, "_step": 7, "_wandb": {"runtime": 9}}