{"batch_loss": 0.5265436768531799, "batch_accuracy": 0.7777777777777778, "batch_precision": 0.6, "batch_recall": 1.0, "batch_f1_score": 0.7499999999999999, "_timestamp": 1700231700.9568834, "_runtime": 529.4349524974823, "_step": 2930, "epoch_loss": 1.0211003472475468, "epoch_accuracy": 0.5255214258627212, "epoch_precision": 0.4252998537298882, "epoch_recall": 0.32807857955468883, "epoch_f1_score": 0.3401237509729774, "_wandb": {"runtime": 528}}