{"epoch_loss": 0.6931754241971408, "epoch_accuracy": 0.499313725490197, "epoch_precision": 0.3669117647058839, "epoch_recall": 0.73125, "epoch_f1_score": 0.4773200516049542, "_timestamp": 1708548525.0931413, "_runtime": 13151.353373289108, "_step": 17, "val_loss": 0.6931784152984619, "val_accuracy": 0.4981751824817513, "val_precision": 0.0, "val_recall": 0.0, "val_f1_score": 0.0, "_wandb": {"runtime": 13150}}