{"epoch_loss": 0.6643114200701901, "epoch_accuracy": 0.5860845588235282, "epoch_precision": 0.6142840257302028, "epoch_recall": 0.48426732468920375, "epoch_f1_score": 0.5294615546488819, "_timestamp": 1705415936.3313696, "_runtime": 11434.528091669083, "_step": 7, "val_loss": 0.7138111591339111, "val_accuracy": 0.5107654889912963, "val_precision": 0.5263575949466436, "val_recall": 0.21818465221633068, "val_f1_score": 0.3007741765761936, "_wandb": {"runtime": 11434}}