{"epoch_loss": 0.527404826338969, "epoch_accuracy": 0.7392861519607843, "epoch_precision": 0.7386143481560169, "epoch_recall": 0.7491961178290366, "epoch_f1_score": 0.7369449037732884, "_timestamp": 1704986352.577949, "_runtime": 11042.85754108429, "_step": 7, "val_loss": 0.9634820222854614, "val_accuracy": 0.54815668202765, "val_precision": 0.6130373106958903, "val_recall": 0.2636510229867272, "val_f1_score": 0.3605822945770057, "_wandb": {"runtime": 11042}}