{"epoch_loss": 0.6935710465352909, "epoch_accuracy": 0.5011519607843136, "epoch_precision": 0.46589489962651587, "epoch_recall": 0.5225657971521954, "epoch_f1_score": 0.4480449801668277, "_timestamp": 1708395844.979125, "_runtime": 35062.40626502037, "_step": 19, "val_loss": 0.8626314401626587, "val_accuracy": 0.4963503649635038, "val_precision": 0.0, "val_recall": 0.0, "val_f1_score": 0.0, "_wandb": {"runtime": 35061}}