{"epoch_loss": 0.6931841744000421, "epoch_accuracy": 0.4981127450980396, "epoch_precision": 0.3339828431372549, "epoch_recall": 0.6664215686274509, "epoch_f1_score": 0.4350770791554556, "_timestamp": 1707920397.7843122, "_runtime": 8907.913952350616, "_step": 13, "val_loss": 0.6931477189064026, "val_accuracy": 0.5012677679600469, "val_precision": 0.5012677679600469, "val_recall": 0.9988474836726854, "val_f1_score": 0.651757760589096, "_wandb": {"runtime": 8907}}