{"loss": 0.7316087484359741, "_timestamp": 1698081896.0054734, "_runtime": 48.17516326904297, "_step": 0, "_wandb": {"runtime": 49}}