{"batch_loss": 0.534597635269165, "batch_accuracy": 0.7777777777777778, "batch_precision": 0.75, "batch_recall": 0.75, "batch_f1_score": 0.75, "_timestamp": 1700247342.7926655, "_runtime": 15251.398793458939, "_step": 73299, "epoch_loss": 0.5128301609498243, "epoch_accuracy": 0.7466818354190371, "epoch_precision": 0.7385863264532205, "epoch_recall": 0.7689106939704201, "epoch_f1_score": 0.7314524018349075, "val_loss": 1.0729414224624634, "val_accuracy": 0.520323841429369, "val_precision": 0.5038023450586265, "val_recall": 0.22004147722740652, "val_f1_score": 0.2856651723485899, "_wandb": {"runtime": 15250}}