{"batch_loss": 0.34403738379478455, "_timestamp": 1698162253.2807295, "_runtime": 11557.96760058403, "_step": 523, "epoch_loss": 0.3368472989116396, "val_loss": 0.8077588081359863, "_wandb": {"runtime": 11565}}