{"epoch_loss": 0.6716463063496585, "epoch_accuracy": 0.583897058823523, "epoch_precision": 0.5802367822128878, "epoch_recall": 0.6174133889667024, "epoch_f1_score": 0.5692255245367972, "_timestamp": 1708583699.5211277, "_runtime": 71165.3787677288, "_step": 39, "val_loss": 0.7803988456726074, "val_accuracy": 0.4994237418363419, "val_precision": 0.43599052375464203, "val_recall": 0.1720284592259232, "val_f1_score": 0.2292252077115691, "_wandb": {"runtime": 71164}}