{"batch_loss": 0.5537562966346741, "batch_accuracy": 0.7241379310344828, "batch_precision": 0.7209944751381215, "batch_recall": 0.7414772727272727, "batch_f1_score": 0.7310924369747899, "_timestamp": 1704972476.4229472, "_runtime": 699.445680141449, "_step": 1065, "epoch_loss": 0.5684719502925872, "epoch_accuracy": 0.701410122575431, "epoch_precision": 0.6888303960707393, "epoch_recall": 0.7326860933204415, "epoch_f1_score": 0.7098806201611213, "val_loss": 0.6679800748825073, "val_accuracy": 0.626846822841074, "val_precision": 0.6181142158986463, "val_recall": 0.6616562020116279, "val_f1_score": 0.6388927921387381, "_wandb": {"runtime": 698}}