{"epoch_loss": 0.613064836035026, "epoch_accuracy": 0.6600857843137253, "epoch_precision": 0.6463336931995034, "epoch_recall": 0.713845753579216, "epoch_f1_score": 0.6541621227849338, "_timestamp": 1709045874.7962768, "_runtime": 9813.74226975441, "_step": 47, "val_loss": 0.7072130441665649, "val_accuracy": 0.5735689588935843, "val_precision": 0.5817971022446619, "val_recall": 0.49579316295605164, "val_f1_score": 0.5065964801609165, "_wandb": {"runtime": 9813}}