{"epoch_loss": 0.5674393363296986, "epoch_accuracy": 0.7020133182920258, "epoch_precision": 0.6933593280242922, "epoch_recall": 0.7313803330894408, "epoch_f1_score": 0.7116280138872516, "_timestamp": 1708375138.6141388, "_runtime": 863.3407847881317, "_step": 27, "val_loss": 0.6781328320503235, "val_accuracy": 0.6253224498820754, "val_precision": 0.6140562155315193, "val_recall": 0.652120854742648, "val_f1_score": 0.6323057780075874, "_wandb": {"runtime": 862}}