{"batch_loss": 0.007247644010931253, "batch_accuracy": 1.0, "batch_precision": 1.0, "batch_recall": 1.0, "batch_f1_score": 1.0, "_timestamp": 1698321464.6669893, "_runtime": 552.3840682506561, "_step": 474, "epoch_loss": 0.004655600991100073, "epoch_accuracy": 0.9997702205882353, "epoch_precision": 0.9995642701525055, "epoch_recall": 1.0, "epoch_f1_score": 0.9997813251694732, "val_loss": 2.5840158462524414, "val_accuracy": 0.5294270833333333, "val_precision": 0.5294051515234435, "val_recall": 0.9748220685259401, "val_f1_score": 0.6838882410426128, "_wandb": {"runtime": 551}}