{"batch_loss": 0.7051986455917358, "batch_accuracy": 0.625, "batch_precision": 0.68, "batch_recall": 0.7083333333333334, "batch_f1_score": 0.6938775510204083, "_timestamp": 1704973445.8133447, "_runtime": 140.5316038131714, "_step": 20}