{"epoch_loss": 0.5719687402248382, "epoch_accuracy": 0.697692450161638, "epoch_precision": 0.6882470543500216, "epoch_recall": 0.7223743834202415, "epoch_f1_score": 0.7046819100544788, "_timestamp": 1704976496.3342736, "_runtime": 1144.260894536972, "_step": 25, "val_loss": 0.6882246732711792, "val_accuracy": 0.6155674550979681, "val_precision": 0.6234924990975017, "val_recall": 0.5811753340980503, "val_f1_score": 0.6013832584093731, "_wandb": {"runtime": 1143}}