{"batch_loss": 0.5064720511436462, "batch_accuracy": 0.75, "batch_precision": 0.6818181818181818, "batch_recall": 0.8333333333333334, "batch_f1_score": 0.7499999999999999, "_timestamp": 1700525806.271519, "_runtime": 28806.46373605728, "_step": 19022, "epoch_loss": 0.4733471860488256, "epoch_accuracy": 0.7775871459694974, "epoch_precision": 0.7787303225228979, "epoch_recall": 0.7782149281831248, "epoch_f1_score": 0.7726437658901393, "val_loss": 1.068764567375183, "val_accuracy": 0.618586789554532, "val_precision": 0.6657506137804969, "val_recall": 0.4896586183786472, "val_f1_score": 0.5571620171375001}