{"epoch_loss": 0.6931471824645996, "epoch_accuracy": 0.5008210784313722, "epoch_precision": 0.0, "epoch_recall": 0.0, "epoch_f1_score": 0.0, "_timestamp": 1707402364.1592653, "_runtime": 679.8112213611603, "_step": 3, "val_loss": 0.6931412816047668, "val_accuracy": 0.49529389166346643, "val_precision": 0.0, "val_recall": 0.0, "val_f1_score": 0.0}