{"batch_loss": 0.8063380122184753, "batch_accuracy": 0.375, "batch_precision": 0.375, "batch_recall": 0.13043478260869565, "batch_f1_score": 0.19354838709677416, "_timestamp": 1704973439.71741, "_runtime": 134.4356710910797, "_step": 27}