{"batch_loss": 0.36805102229118347, "_timestamp": 1698149099.4483953, "_runtime": 918.3001573085785, "_step": 664, "_wandb": {"runtime": 919}}