{"batch_loss": 0.0013441736809909344, "batch_accuracy": 1.0, "batch_precision": 1.0, "batch_recall": 1.0, "batch_f1_score": 0.4765625, "_timestamp": 1698315552.874392, "_runtime": 88.18945693969727, "_step": 134, "epoch_loss": 0.02892745175289319, "epoch_accuracy": 0.9909883887864465, "epoch_precision": 0.9903668959409879, "epoch_recall": 0.9905641072452992, "epoch_f1_score": 0.482112556561086, "val_loss": 0.8488940000534058, "val_accuracy": 0.0, "val_precision": 0.0, "val_recall": 0.0, "val_f1_score": 0.0, "_wandb": {"runtime": 88}}