{"epoch_loss": 0.6875348683081421, "epoch_accuracy": 0.5344485294117648, "epoch_precision": 0.5549625863478893, "epoch_recall": 0.4474054979235458, "epoch_f1_score": 0.46982612901666726, "_timestamp": 1705324472.6668553, "_runtime": 4839.335918426514, "_step": 5, "val_loss": 0.6999961733818054, "val_accuracy": 0.5048515104966719, "val_precision": 0.5193027487958364, "val_recall": 0.10581837367243331, "val_f1_score": 0.17030382878449396, "_wandb": {"runtime": 4838}}