{"batch_loss": 0.17719879746437073, "batch_accuracy": 0.9375, "batch_precision": 0.9047619047619048, "batch_recall": 1.0, "batch_f1_score": 0.9500000000000001, "_timestamp": 1702553047.6145175, "_runtime": 83926.50680851936, "_step": 51049, "epoch_loss": 0.13759246167598987, "epoch_accuracy": 0.9500919117647018, "epoch_precision": 0.9509854604885367, "epoch_recall": 0.9494188074266162, "epoch_f1_score": 0.9486359647326309, "val_loss": 9.145435333251953, "val_accuracy": 0.6034178187403992, "val_precision": 0.6046295938769544, "val_recall": 0.5993936868843536, "val_f1_score": 0.5959561172194002, "_wandb": {"runtime": 83926}}