{"batch_loss": 0.36123761534690857, "batch_accuracy": 0.9583333333333334, "batch_precision": 0.8518518518518519, "batch_recall": 0.9019607843137256, "batch_f1_score": 0.4423076923076923, "_timestamp": 1698315709.909301, "_runtime": 22.88180112838745, "_step": 34, "epoch_loss": 0.3334885787437944, "epoch_accuracy": 0.8454346780735221, "epoch_precision": 0.8756547641770213, "epoch_recall": 0.8579540777763596, "epoch_f1_score": 0.4263822115384615, "_wandb": {"runtime": 23}}