{"batch_loss": 6.54406612738967e-05, "batch_accuracy": 1.0, "batch_precision": 1.0, "batch_recall": 1.0, "batch_f1_score": 0.515625, "_timestamp": 1698316819.5487838, "_runtime": 519.3107538223267, "_step": 839, "epoch_loss": 0.0010569772148301126, "epoch_accuracy": 1.0, "epoch_precision": 1.0, "epoch_recall": 1.0, "epoch_f1_score": 0.48616020927601816, "val_loss": 2.9073266983032227, "val_accuracy": 0.131615722583404, "val_precision": 0.2561422418314019, "val_recall": 0.17370509100333906, "val_f1_score": 0.12723651960784313, "_wandb": {"runtime": 518}}