{"batch_loss": 0.5848962664604187, "batch_accuracy": 0.6388888888888888, "batch_precision": 0.75, "batch_recall": 0.47368421052631576, "batch_f1_score": 0.5806451612903226, "_timestamp": 1700525471.115438, "_runtime": 28537.29030895233, "_step": 20418, "epoch_loss": 0.5203050990461134, "epoch_accuracy": 0.7431072984749458, "epoch_precision": 0.7395803142191948, "epoch_recall": 0.7610011088559522, "epoch_f1_score": 0.7440147862358555, "val_loss": 0.9061727523803711, "val_accuracy": 0.5772017409114182, "val_precision": 0.6015088982585423, "val_recall": 0.4598286156460024, "val_f1_score": 0.5142229473316106}