{"batch_loss": 0.019325122237205505, "batch_accuracy": 0, "batch_precision": 0.0, "batch_recall": 0, "batch_f1_score": 0.0, "_timestamp": 1698261979.0246463, "_runtime": 395.95445227622986, "_step": 682, "epoch_loss": 0.005041189658667837, "epoch_accuracy": 0.0, "epoch_precision": 0.0, "epoch_recall": 0.0, "epoch_f1_score": 0.0, "val_loss": 1.1295582056045532, "val_accuracy": 0.0, "val_precision": 0.0, "val_recall": 0.0, "val_f1_score": 0.0, "_wandb": {"runtime": 395}}