{"epoch_loss": 0.2448034742286891, "epoch_accuracy": 0.9140350877193003, "epoch_precision": 0.9240183792815377, "epoch_recall": 0.9076978159684934, "epoch_f1_score": 0.9044485973947789, "_timestamp": 1709051605.6990886, "_runtime": 492.2737226486206, "_step": 23, "val_loss": 2.2306039333343506, "val_accuracy": 0.49903381642512085, "val_precision": 0.494243156199678, "val_recall": 0.9136991028295376, "val_f1_score": 0.6253595154490292, "_wandb": {"runtime": 491}}