{"epoch_loss": 0.5861060597002506, "epoch_accuracy": 0.6863817401960779, "epoch_precision": 0.6858512278477882, "epoch_recall": 0.6942881342666903, "epoch_f1_score": 0.6826746926141327, "_timestamp": 1708399921.918844, "_runtime": 25640.979806900024, "_step": 17, "val_loss": 1.7681399583816528, "val_accuracy": 0.4996799795186892, "val_precision": 0.1251920122887865, "val_recall": 0.0069317596556559575, "val_f1_score": 0.01303544173007142, "_wandb": {"runtime": 25640}}