{"epoch_loss": 0.6897012639206415, "epoch_accuracy": 0.4999264705882366, "epoch_precision": 0.4998148148148159, "epoch_recall": 0.9987008345004669, "epoch_f1_score": 0.6507058992410203, "_timestamp": 1707830517.4950485, "_runtime": 4592.157900571823, "_step": 13, "val_loss": 0.6863293051719666, "val_accuracy": 0.49842489435266935, "val_precision": 0.4979777607034611, "val_recall": 0.9992401929397702, "val_f1_score": 0.6490736496680594, "_wandb": {"runtime": 4591}}