{"batch_loss": 0.6901024580001831, "batch_accuracy": 0.556640625, "batch_precision": 0.5440613026819924, "batch_recall": 0.568, "batch_f1_score": 0.5557729941291586, "_timestamp": 1702301394.1460018, "_runtime": 21.264421701431274, "_step": 6, "_wandb": {"runtime": 20}}