{"batch_loss": 0.027356823906302452, "batch_accuracy": 1.0, "batch_precision": 1.0, "batch_recall": 1.0, "batch_f1_score": 1.0, "_timestamp": 1699277246.558731, "_runtime": 74.83252215385437, "_step": 174, "epoch_loss": 0.03096921183168888, "epoch_accuracy": 0.998046875, "epoch_precision": 0.9976304944287445, "epoch_recall": 0.9983919036872194, "epoch_f1_score": 0.9980092226229414, "val_loss": 0.15260326862335205, "val_accuracy": 0.9480652740036232, "val_precision": 0.9810564159292036, "val_recall": 0.9112576064908722, "val_f1_score": 0.9448292448292448, "_wandb": {"runtime": 74}}