{"epoch_loss": 0.6606737722770548, "epoch_accuracy": 0.5955392156862702, "epoch_precision": 0.6084944463896722, "epoch_recall": 0.5172882138966689, "epoch_f1_score": 0.5293828601999819, "_timestamp": 1705430609.191075, "_runtime": 26095.840200185776, "_step": 7, "val_loss": 0.7623847723007202, "val_accuracy": 0.5007107184018433, "val_precision": 0.3868613138686132, "val_recall": 0.13607345614644833, "val_f1_score": 0.18750764751532983, "_wandb": {"runtime": 26095}}