{"loss": 0.7104965448379517, "_timestamp": 1698082229.3065798, "_runtime": 255.7479429244995, "_step": 31, "_wandb": {"runtime": 259}}