{"batch_loss": 0.4582582712173462, "batch_accuracy": 0.8125, "batch_precision": 0.8571428571428571, "batch_recall": 0.75, "batch_f1_score": 0.7999999999999999, "_timestamp": 1704809554.773476, "_runtime": 81183.38775777817, "_step": 51049, "epoch_loss": 0.3580291157186616, "epoch_accuracy": 0.8456066176470576, "epoch_precision": 0.8506950584106315, "epoch_recall": 0.8405331736027069, "epoch_f1_score": 0.8420136528778919, "val_loss": 2.0683963298797607, "val_accuracy": 0.5191244239631334, "val_precision": 0.5902366322873236, "val_recall": 0.08865771149393144, "val_f1_score": 0.14925358679723225, "_wandb": {"runtime": 81182}}