{"epoch_loss": 0.693199454393602, "epoch_accuracy": 0.5041353383458647, "epoch_precision": 0.5041353383458647, "epoch_recall": 1.0, "epoch_f1_score": 0.6577915703535474, "_timestamp": 1709051534.6592898, "_runtime": 436.70873188972473, "_step": 23, "val_loss": 0.6932552456855774, "val_accuracy": 0.48357487922705306, "val_precision": 0.48357487922705306, "val_recall": 1.0, "val_f1_score": 0.6327513681733627, "_wandb": {"runtime": 436}}