{"batch_loss": 0.06456595659255981, "batch_accuracy": 0.9951171875, "batch_precision": 0.9920792079207921, "batch_recall": 0.99800796812749, "batch_f1_score": 0.9950347567030785, "_timestamp": 1699276694.8354857, "_runtime": 42.62092971801758, "_step": 99, "epoch_loss": 0.06564721390604973, "epoch_accuracy": 0.9958984375, "epoch_precision": 0.9951033175255761, "epoch_recall": 0.9964506805056637, "epoch_f1_score": 0.9957636962605875, "val_loss": 0.12340828776359558, "val_accuracy": 0.9674408401268115, "val_precision": 0.9759493670886076, "val_recall": 0.9531522468142186, "val_f1_score": 0.9642808101613457, "_wandb": {"runtime": 42}}