{"batch_loss": 0.8909813761711121, "batch_accuracy": 0.525, "batch_precision": 0.5789473684210527, "batch_recall": 0.5, "batch_f1_score": 0.5365853658536586, "_timestamp": 1704973447.5938053, "_runtime": 142.34223222732544, "_step": 23}