{"batch_loss": 0.5468403100967407, "batch_accuracy": 0.7011070110701108, "batch_precision": 0.6944444444444444, "batch_recall": 0.6097560975609756, "batch_f1_score": 0.6493506493506495, "_timestamp": 1700240268.776854, "_runtime": 15283.907325029373, "_step": 1849, "epoch_loss": 0.5459850571221776, "epoch_accuracy": 0.7188576060565294, "epoch_precision": 0.7138650613815084, "epoch_recall": 0.7335425651149399, "epoch_f1_score": 0.7224456426947553, "val_loss": 0.7472883462905884, "val_accuracy": 0.5538027871621621, "val_precision": 0.5959939996104174, "val_recall": 0.3621303742013272, "val_f1_score": 0.449566452840436, "_wandb": {"runtime": 15283}}