{"batch_loss": 8.307650568895042e-05, "batch_accuracy": 1.0, "batch_precision": 1.0, "batch_recall": 1.0, "batch_f1_score": 1.0, "_timestamp": 1698317810.8936594, "_runtime": 542.9788644313812, "_step": 899, "epoch_loss": 0.006310198666837737, "epoch_accuracy": 0.9983915441176471, "epoch_precision": 0.9989492447696783, "epoch_recall": 0.997900671230745, "epoch_f1_score": 0.9984099186808125, "val_loss": 1.669264793395996, "val_accuracy": 0.1301011029411765, "val_precision": 0.130126237756695, "val_recall": 0.2559117136954536, "val_f1_score": 0.17210362351000855, "_wandb": {"runtime": 542}}