{"batch_loss": 0.5391029119491577, "batch_accuracy": 0.75, "batch_precision": 0.7, "batch_recall": 0.875, "batch_f1_score": 0.7777777777777777, "_timestamp": 1704770730.352236, "_runtime": 42391.79432296753, "_step": 51049, "epoch_loss": 0.5012399371202085, "epoch_accuracy": 0.7518504901960792, "epoch_precision": 0.7553899278454561, "epoch_recall": 0.7452219763121335, "epoch_f1_score": 0.7449561613684236, "val_loss": 1.3249702453613281, "val_accuracy": 0.5182667690732209, "val_precision": 0.5809112077545261, "val_recall": 0.13307009747506157, "val_f1_score": 0.21007736909053312, "_wandb": {"runtime": 42391}}