{"batch_loss": 0.6319857239723206, "batch_accuracy": 0.6335174953959485, "batch_precision": 0.6271186440677966, "batch_recall": 0.5714285714285714, "batch_f1_score": 0.597979797979798, "_timestamp": 1700223754.0544908, "_runtime": 956.8359377384186, "_step": 72, "epoch_loss": 0.6735329238904847, "epoch_accuracy": 0.5724381770193882, "epoch_precision": 0.5808652182220512, "epoch_recall": 0.5453241240484054, "epoch_f1_score": 0.54552435992201, "_wandb": {"runtime": 1010}}