{"batch_loss": 0.18027091026306152, "batch_accuracy": 0.9230769230769231, "batch_precision": 0.8095238095238095, "batch_recall": 1.0, "batch_f1_score": 0.8947368421052632, "_timestamp": 1698319203.6263342, "_runtime": 249.6295521259308, "_step": 394, "epoch_loss": 0.019429047699839642, "epoch_accuracy": 0.9940610859728506, "epoch_precision": 0.9910005563843818, "epoch_recall": 0.9961045229246482, "epoch_f1_score": 0.9932133782079423, "val_loss": 4.272840976715088, "val_accuracy": 0.49432870370370374, "val_precision": 0.4939255393137286, "val_recall": 0.9580011011257762, "val_f1_score": 0.6503919719241534, "_wandb": {"runtime": 251}}