{"epoch_loss": 0.6931471824645996, "epoch_accuracy": 0.5002083333333338, "epoch_precision": 0.0, "epoch_recall": 0.0, "epoch_f1_score": 0.0, "_timestamp": 1707418816.8475168, "_runtime": 2189.8850767612457, "_step": 11, "val_loss": 0.6931412816047668, "val_accuracy": 0.49444871302343474, "val_precision": 0.0, "val_recall": 0.0, "val_f1_score": 0.0, "_wandb": {"runtime": 2189}}