{"batch_loss": 0.029363960027694702, "batch_accuracy": 0, "batch_precision": 0.0, "batch_recall": 0, "batch_f1_score": 0.0, "_timestamp": 1698262227.2376082, "_runtime": 32.69872307777405, "_step": 40, "epoch_loss": 0.3197406775811139, "epoch_accuracy": 0.0, "epoch_precision": 0.0, "epoch_recall": 0.0, "epoch_f1_score": 0.0, "val_loss": 0.7363248467445374, "val_accuracy": 0.0, "val_precision": 0.0, "val_recall": 0.0, "val_f1_score": 0.0, "_wandb": {"runtime": 31}}