{"epoch_loss": 0.6837684605635849, "epoch_accuracy": 0.537787990196078, "epoch_precision": 0.560341583296558, "epoch_recall": 0.43702715591249963, "epoch_f1_score": 0.4657056897843379, "_timestamp": 1705328663.1395402, "_runtime": 9037.143646240234, "_step": 5, "val_loss": 0.7083886861801147, "val_accuracy": 0.493125960061444, "val_precision": 0.46801989613049555, "val_recall": 0.06557464023122966, "val_f1_score": 0.11148361716363098, "_wandb": {"runtime": 9036}}