{"epoch_loss": 0.6931885735807466, "epoch_accuracy": 0.5002450980392149, "epoch_precision": 0.19297794117647082, "epoch_recall": 0.3863970588235294, "epoch_f1_score": 0.2516480607220073, "_timestamp": 1707947580.6987817, "_runtime": 18654.785059690475, "_step": 21, "val_loss": 0.6931533813476562, "val_accuracy": 0.49800230503265586, "val_precision": 0.0, "val_recall": 0.0, "val_f1_score": 0.0, "_wandb": {"runtime": 18654}}