{"batch_loss": 0.11204224824905396, "batch_accuracy": 1.0, "batch_precision": 1.0, "batch_recall": 1.0, "batch_f1_score": 1.0, "_timestamp": 1704804182.4898837, "_runtime": 77516.40166378021, "_step": 51049, "epoch_loss": 0.2667247783903982, "epoch_accuracy": 0.8934436274509832, "epoch_precision": 0.8948565717444494, "epoch_recall": 0.893445259065151, "epoch_f1_score": 0.8904508513227757, "val_loss": 9.726064682006836, "val_accuracy": 0.5800691244239629, "val_precision": 0.5620983338748857, "val_recall": 0.684719300622914, "val_f1_score": 0.6114106795290923, "_wandb": {"runtime": 77515}}