{"batch_loss": 0.10270590335130692, "batch_accuracy": 0.9807692307692307, "batch_precision": 0.9565217391304348, "batch_recall": 1.0, "batch_f1_score": 0.9777777777777777, "_timestamp": 1698319970.1881943, "_runtime": 587.207423210144, "_step": 899, "epoch_loss": 0.01297720364313778, "epoch_accuracy": 0.9966770361990951, "epoch_precision": 0.9954092125123291, "epoch_recall": 0.9973912083158285, "epoch_f1_score": 0.9963364093662463, "val_loss": 4.400054454803467, "val_accuracy": 0.5056712962962963, "val_precision": 0.5059028800555719, "val_recall": 0.9477124170402228, "val_f1_score": 0.6585733070663119, "_wandb": {"runtime": 586}}