{"batch_loss": 0.6528555750846863, "batch_accuracy": 0.62109375, "batch_precision": 0.6540664375715922, "batch_recall": 0.5464114832535886, "batch_f1_score": 0.5954118873826904, "_timestamp": 1699022843.6021066, "_runtime": 170.06598353385925, "_step": 19, "_wandb": {"runtime": 174}}