{"epoch_loss": 0.5448700882494449, "epoch_accuracy": 0.7211575913703305, "epoch_precision": 0.7093066980080086, "epoch_recall": 0.7494540574157622, "epoch_f1_score": 0.7285946934777643, "_timestamp": 1704976009.7790155, "_runtime": 691.3927664756775, "_step": 15, "val_loss": 0.71244215965271, "val_accuracy": 0.6014788756349783, "val_precision": 0.6303624975073471, "val_recall": 0.48863714157360416, "val_f1_score": 0.5503353956674069, "_wandb": {"runtime": 691}}