{"batch_loss": 0.5584860444068909, "batch_accuracy": 0.7025862068965517, "batch_precision": 0.6880222841225627, "batch_recall": 0.7222222222222222, "batch_f1_score": 0.7047075606276748, "_timestamp": 1703957899.1139896, "_runtime": 1789.1630346775055, "_step": 2049, "epoch_loss": 0.5405195448547602, "epoch_accuracy": 0.724651468211207, "epoch_precision": 0.7103843010319179, "epoch_recall": 0.7562852961504654, "epoch_f1_score": 0.7324087606026569, "val_loss": 0.7079785466194153, "val_accuracy": 0.6186927385703919, "val_precision": 0.6064836752008, "val_recall": 0.6612780263193305, "val_f1_score": 0.632378530343541, "_wandb": {"runtime": 1788}}