{"batch_loss": 0.5117296576499939, "batch_accuracy": 0, "batch_precision": 0.0, "batch_recall": 0, "batch_f1_score": 0.0, "_timestamp": 1698314145.1387427, "_runtime": 9.694984674453735, "_step": 6}