{"batch_loss": 0.11418461054563522, "batch_accuracy": 0.96875, "batch_precision": 1.0, "batch_recall": 0.9444444444444444, "batch_f1_score": 0.9714285714285714, "_timestamp": 1702729058.1536624, "_runtime": 166184.93587636948, "_step": 51049, "epoch_loss": 0.23932532803429402, "epoch_accuracy": 0.9053278186274497, "epoch_precision": 0.9042599869250808, "epoch_recall": 0.9055117991117668, "epoch_f1_score": 0.9024859106134663, "val_loss": 2.9198670387268066, "val_accuracy": 0.5102278545826937, "val_precision": 0.5522566015653574, "val_recall": 0.07328691988050315, "val_f1_score": 0.12563094277274325, "_wandb": {"runtime": 166184}}