{"epoch_loss": 0.6931473436381888, "epoch_accuracy": 0.49894607843137195, "epoch_precision": 0.000857843137254902, "epoch_recall": 0.00018907563025210084, "epoch_f1_score": 0.0003066643323996265, "_timestamp": 1707313541.9457815, "_runtime": 1108.6591744422913, "_step": 5, "val_loss": 0.6931412816047668, "val_accuracy": 0.4971955436035349, "val_precision": 0.0, "val_recall": 0.0, "val_f1_score": 0.0}