{"epoch_loss": 0.6465961288733809, "epoch_accuracy": 0.625465686274504, "epoch_precision": 0.6477509337068217, "epoch_recall": 0.5497511574074061, "epoch_f1_score": 0.5654043493964142, "_timestamp": 1707839083.0032244, "_runtime": 6693.952424287796, "_step": 11, "val_loss": 0.7739022970199585, "val_accuracy": 0.49719554360353485, "val_precision": 0.2854014598540146, "val_recall": 0.0774888864497005, "val_f1_score": 0.1156487768858111, "_wandb": {"runtime": 6693}}