{"batch_loss": 0.004416800104081631, "batch_accuracy": 1.0, "batch_precision": 1.0, "batch_recall": 1.0, "batch_f1_score": 1.0, "_timestamp": 1698319365.2326376, "_runtime": 80.280437707901, "_step": 120, "epoch_loss": 0.023978282848153922, "epoch_accuracy": 0.9935661764705882, "epoch_precision": 0.9934532942799578, "epoch_recall": 0.9932380837057613, "epoch_f1_score": 0.9932774901883694, "val_loss": 3.4649863243103027, "val_accuracy": 0.5, "val_precision": 0.5017710660497746, "val_recall": 0.9719094102539879, "val_f1_score": 0.659708606118268, "_wandb": {"runtime": 79}}