{"epoch_loss": 0.5350100145474368, "epoch_accuracy": 0.7315349264705888, "epoch_precision": 0.728766739879802, "epoch_recall": 0.7447491295135564, "epoch_f1_score": 0.7301719578894509, "_timestamp": 1704996340.2485397, "_runtime": 21056.135509729385, "_step": 15, "val_loss": 0.8606681823730469, "val_accuracy": 0.612480798771122, "val_precision": 0.629325742710188, "val_recall": 0.5396506245564513, "val_f1_score": 0.5747106789177471, "_wandb": {"runtime": 21055}}