{"epoch_loss": 0.5556396240843278, "epoch_accuracy": 0.713658088235294, "epoch_precision": 0.7096098768360245, "epoch_recall": 0.7313960245659824, "epoch_f1_score": 0.7133842806840276, "_timestamp": 1704987665.3750126, "_runtime": 12367.366337537766, "_step": 7, "val_loss": 0.9538625478744507, "val_accuracy": 0.47459037378392177, "val_precision": 0.4654259550018819, "val_recall": 0.3123191582425732, "val_f1_score": 0.3669155431751681, "_wandb": {"runtime": 12366}}