{"batch_loss": 0.5815066695213318, "batch_accuracy": 0.7194148936170213, "batch_precision": 0.7359413202933985, "batch_recall": 0.745049504950495, "batch_f1_score": 0.7404674046740467, "_timestamp": 1699026220.0036592, "_runtime": 1516.4064722061157, "_step": 199, "epoch_loss": 0.5905413031578064, "epoch_accuracy": 0.6890756593528368, "epoch_precision": 0.6839270856206876, "epoch_recall": 0.7334064944063119, "epoch_f1_score": 0.7075724729287853, "val_loss": 0.7159868478775024, "val_accuracy": 0.5390512751436781, "val_precision": 0.5602418299736307, "val_recall": 0.43645763535324056, "val_f1_score": 0.4904545916184484, "_wandb": {"runtime": 1515}}