{"batch_loss": 0.04609471559524536, "batch_accuracy": 0.998046875, "batch_precision": 0.9980353634577603, "batch_recall": 0.9980353634577603, "batch_f1_score": 0.9980353634577603, "_timestamp": 1698755984.4441538, "_runtime": 716.5234336853027, "_step": 120, "epoch_loss": 0.04939031725128492, "epoch_accuracy": 0.9986979166666666, "epoch_precision": 0.9983245995421042, "epoch_recall": 0.9990039840637449, "epoch_f1_score": 0.9986626061941991, "val_loss": 1.6135022640228271, "val_accuracy": 0.5, "val_precision": 0.5, "val_recall": 0.969639468690702, "val_f1_score": 0.6597805035506779, "_wandb": {"runtime": 721}}