{"epoch_loss": 0.4831886258058469, "epoch_accuracy": 0.7668259803921527, "epoch_precision": 0.7649364398537298, "epoch_recall": 0.7682203645347139, "epoch_f1_score": 0.7455212767401928, "_timestamp": 1705656883.5013614, "_runtime": 52970.241134405136, "_step": 33, "val_loss": 1.2722045183181763, "val_accuracy": 0.5237034191317707, "val_precision": 0.4550838775771548, "val_recall": 0.1684745623182038, "val_f1_score": 0.23010163098522668, "_wandb": {"runtime": 52969}}