{"epoch_loss": 0.6931817997904385, "epoch_accuracy": 0.500747549019608, "epoch_precision": 0.19126225490196055, "epoch_recall": 0.38088235294117645, "epoch_f1_score": 0.2488267373485876, "_timestamp": 1707945868.120273, "_runtime": 23321.749512195587, "_step": 37, "val_loss": 0.6931573152542114, "val_accuracy": 0.49919323857087977, "val_precision": 0.0, "val_recall": 0.0, "val_f1_score": 0.0, "_wandb": {"runtime": 23321}}