{"batch_loss": 0.7872764468193054, "_timestamp": 1698148041.5917907, "_runtime": 36.48874759674072, "_step": 5, "_wandb": {"runtime": 36}}