{"epoch_loss": 0.6094203905512889, "epoch_accuracy": 0.657034313725488, "epoch_precision": 0.6726869358854746, "epoch_recall": 0.6097213468720866, "epoch_f1_score": 0.6137961859849671, "_timestamp": 1705621066.2299557, "_runtime": 17148.90288567543, "_step": 21, "val_loss": 0.7878669500350952, "val_accuracy": 0.540664617748752, "val_precision": 0.5481453024288218, "val_recall": 0.33241147272073246, "val_f1_score": 0.38590441125016656, "_wandb": {"runtime": 17147}}