{"epoch_loss": 0.6885926738819655, "epoch_accuracy": 0.5132230392156842, "epoch_precision": 0.1256127450980392, "epoch_recall": 0.02692684018051645, "epoch_f1_score": 0.04327130726027763, "_timestamp": 1707842787.0289726, "_runtime": 10324.042481660843, "_step": 15, "val_loss": 0.6878135204315186, "val_accuracy": 0.5164809834805985, "val_precision": 0.16609040850300935, "val_recall": 0.0370085798437701, "val_f1_score": 0.059008558778055595, "_wandb": {"runtime": 10323}}