{"batch_loss": 0.4328494966030121, "_timestamp": 1698087585.3751128, "_runtime": 5186.970014810562, "_step": 673, "epoch_loss": 0.43583983845180935, "val_loss": 0.80396880452023, "_wandb": {"runtime": 5188}}