{"batch_loss": 0.013372504152357578, "batch_accuracy": 1.0, "batch_precision": 1.0, "batch_recall": 1.0, "batch_f1_score": 1.0, "_timestamp": 1698320860.9206114, "_runtime": 360.1811282634735, "_step": 574, "epoch_loss": 0.0047220947933109365, "epoch_accuracy": 0.9997702205882353, "epoch_precision": 0.9994747899159665, "epoch_recall": 1.0, "epoch_f1_score": 0.9997350291467939, "val_loss": 3.0942392349243164, "val_accuracy": 0.49432870370370374, "val_precision": 0.4944278181825736, "val_recall": 0.9638560210605753, "val_f1_score": 0.6524375760589849, "_wandb": {"runtime": 363}}