{"batch_loss": 0.5143970251083374, "batch_accuracy": 0.7586206896551724, "batch_precision": 0.7318435754189944, "batch_recall": 0.7844311377245509, "batch_f1_score": 0.7572254335260115, "_timestamp": 1703958132.482794, "_runtime": 1895.7303030490875, "_step": 2049, "epoch_loss": 0.519912951439619, "epoch_accuracy": 0.7388406687769397, "epoch_precision": 0.7258128851614905, "epoch_recall": 0.7657332924716389, "epoch_f1_score": 0.7449455126693171, "val_loss": 0.7307785153388977, "val_accuracy": 0.6114252143051524, "val_precision": 0.6199537916430581, "val_recall": 0.5806622371515465, "val_f1_score": 0.5992923122758972, "_wandb": {"runtime": 1894}}