{"epoch_loss": 0.5550106324255466, "epoch_accuracy": 0.7111241132363506, "epoch_precision": 0.6970806697588219, "epoch_recall": 0.7491336641846041, "epoch_f1_score": 0.7219862901277272, "_timestamp": 1704976367.0903218, "_runtime": 1025.942744731903, "_step": 21, "val_loss": 0.6759264469146729, "val_accuracy": 0.6281394570936139, "val_precision": 0.6418558790912667, "val_recall": 0.5817275483159597, "val_f1_score": 0.6100987020323904, "_wandb": {"runtime": 1025}}