{"batch_loss": 0.008613046258687973, "batch_accuracy": 0.99609375, "batch_precision": 0.992, "batch_recall": 1.0, "batch_f1_score": 0.9959839357429718, "_timestamp": 1698325524.010935, "_runtime": 2328.9361851215363, "_step": 932, "epoch_loss": 0.010091213679033113, "epoch_accuracy": 0.9965740149394461, "epoch_precision": 0.9958299839897052, "epoch_recall": 0.9969823257346823, "epoch_f1_score": 0.9963983725543293, "val_loss": 3.6256446838378906, "val_accuracy": 0.49697265625, "val_precision": 0.49838565071181373, "val_recall": 0.9781188119526195, "val_f1_score": 0.6600894132570307, "_wandb": {"runtime": 2330}}